,map_name,player_name,team_name,hero_name
5,Busan,Daizi,Chengdu Hunters,Zarya
39,Busan,Jinmu,Chengdu Hunters,Genji
55,Busan,Jinmu,Chengdu Hunters,Symmetra
61,Busan,Jinmu,Chengdu Hunters,Tracer
94,Busan,Leave,Chengdu Hunters,Sojourn
129,Busan,Mmonk,Chengdu Hunters,Baptiste
167,Busan,Nisha,Chengdu Hunters,Lucio
206,Busan,ChoiSehwan,Guangzhou Charge,Genji
240,Busan,Farway1987,Guangzhou Charge,Baptiste
279,Busan,Jimmy,Guangzhou Charge,Sojourn
308,Busan,Jimmy,Guangzhou Charge,Symmetra
326,Busan,Piggy,Guangzhou Charge,Zarya
366,Busan,Xerneas,Guangzhou Charge,Lucio
396,King's Row,Daizi,Chengdu Hunters,Zarya
439,King's Row,Jinmu,Chengdu Hunters,Genji
461,King's Row,Jinmu,Chengdu Hunters,Tracer
494,King's Row,Leave,Chengdu Hunters,Sojourn
533,King's Row,Mmonk,Chengdu Hunters,Ana
555,King's Row,Mmonk,Chengdu Hunters,Baptiste
599,King's Row,Nisha,Chengdu Hunters,Brigitte
612,King's Row,Nisha,Chengdu Hunters,Lucio
646,King's Row,Nisha,Chengdu Hunters,Zenyatta
680,King's Row,ChoiSehwan,Guangzhou Charge,Genji
699,King's Row,ChoiSehwan,Guangzhou Charge,Tracer
722,King's Row,Farway1987,Guangzhou Charge,Baptiste
760,King's Row,Jimmy,Guangzhou Charge,Sojourn
802,King's Row,Piggy,Guangzhou Charge,Zarya
834,King's Row,Xerneas,Guangzhou Charge,Lucio
874,Dorado,GA9A,Chengdu Hunters,Winston
917,Dorado,Jinmu,Chengdu Hunters,Bastion
921,Dorado,Jinmu,Chengdu Hunters,Sombra
953,Dorado,Leave,Chengdu Hunters,Tracer
994,Dorado,Mmonk,Chengdu Hunters,Ana
1037,Dorado,Nisha,Chengdu Hunters,Brigitte
1070,Dorado,ChoiSehwan,Guangzhou Charge,Tracer
1102,Dorado,Farway1987,Guangzhou Charge,Ana
1143,Dorado,Jimmy,Guangzhou Charge,Sombra
1158,Dorado,Jimmy,Guangzhou Charge,Widowmaker
1180,Dorado,Piggy,Guangzhou Charge,D.Va
1196,Dorado,Piggy,Guangzhou Charge,Winston
1225,Dorado,Xerneas,Guangzhou Charge,Brigitte
1242,Dorado,Xerneas,Guangzhou Charge,Lucio
1267,Dorado,Xerneas,Guangzhou Charge,Zenyatta
1300,New Queen Street,GA9A,Chengdu Hunters,Winston
1349,New Queen Street,Jinmu,Chengdu Hunters,Sombra
1377,New Queen Street,Leave,Chengdu Hunters,Sojourn
1398,New Queen Street,Leave,Chengdu Hunters,Tracer
1427,New Queen Street,Mmonk,Chengdu Hunters,Ana
1468,New Queen Street,Nisha,Chengdu Hunters,Brigitte
1496,New Queen Street,ChoiSehwan,Guangzhou Charge,Genji
1519,New Queen Street,ChoiSehwan,Guangzhou Charge,Tracer
1551,New Queen Street,Farway1987,Guangzhou Charge,Ana
1586,New Queen Street,Jimmy,Guangzhou Charge,Sojourn
1605,New Queen Street,Jimmy,Guangzhou Charge,Sombra
1639,New Queen Street,Piggy,Guangzhou Charge,D.Va
1645,New Queen Street,Piggy,Guangzhou Charge,Zarya
1685,New Queen Street,Xerneas,Guangzhou Charge,Lucio
1723,Oasis,GA9A,Chengdu Hunters,Winston
1757,Oasis,Jinmu,Chengdu Hunters,Genji
1778,Oasis,Jinmu,Chengdu Hunters,Sombra
1805,Oasis,Leave,Chengdu Hunters,Sojourn
1828,Oasis,Leave,Chengdu Hunters,Symmetra
1836,Oasis,Leave,Chengdu Hunters,Tracer
1870,Oasis,Mmonk,Chengdu Hunters,Ana
1909,Oasis,Nisha,Chengdu Hunters,Brigitte
1932,Oasis,Nisha,Chengdu Hunters,Lucio
1970,Oasis,ChoiSehwan,Guangzhou Charge,Genji
1994,Oasis,ChoiSehwan,Guangzhou Charge,Symmetra
1999,Oasis,ChoiSehwan,Guangzhou Charge,Tracer
2035,Oasis,Farway1987,Guangzhou Charge,Ana
2077,Oasis,Jimmy,Guangzhou Charge,Sojourn
2085,Oasis,Jimmy,Guangzhou Charge,Sombra
2114,Oasis,Piggy,Guangzhou Charge,Winston
2129,Oasis,Piggy,Guangzhou Charge,Zarya
2166,Oasis,Xerneas,Guangzhou Charge,Lucio
2209,Oasis,GA9A,Chengdu Hunters,Winston
2250,Oasis,Jinmu,Chengdu Hunters,Genji
2270,Oasis,Jinmu,Chengdu Hunters,Sombra
2302,Oasis,Leave,Chengdu Hunters,Sojourn
2321,Oasis,Leave,Chengdu Hunters,Symmetra
2327,Oasis,Leave,Chengdu Hunters,Tracer
2365,Oasis,Mmonk,Chengdu Hunters,Ana
2400,Oasis,Nisha,Chengdu Hunters,Brigitte
2421,Oasis,Nisha,Chengdu Hunters,Lucio
2459,Oasis,BERNAR,Hangzhou Spark,Zarya
2499,Oasis,Pineapple,Hangzhou Spark,Symmetra
2504,Oasis,Pineapple,Hangzhou Spark,Tracer
2541,Oasis,Superich,Hangzhou Spark,Lucio
2578,Oasis,Teru,Hangzhou Spark,Baptiste
2604,Oasis,Teru,Hangzhou Spark,Brigitte
2624,Oasis,Teru,Hangzhou Spark,Moira
2642,Oasis,shy,Hangzhou Spark,Sojourn
2682,Paraíso,GA9A,Chengdu Hunters,Doomfist
2686,Paraíso,GA9A,Chengdu Hunters,Winston
2732,Paraíso,Jinmu,Chengdu Hunters,Genji
2759,Paraíso,Jinmu,Chengdu Hunters,Tracer
2788,Paraíso,Leave,Chengdu Hunters,Sojourn
2826,Paraíso,Mmonk,Chengdu Hunters,Ana
2862,Paraíso,Nisha,Chengdu Hunters,Brigitte
2889,Paraíso,Guxue,Hangzhou Spark,Winston
2928,Paraíso,Pineapple,Hangzhou Spark,Tracer
2946,Paraíso,Pineapple,Hangzhou Spark,Widowmaker
2967,Paraíso,Superich,Hangzhou Spark,Brigitte
2998,Paraíso,Teru,Hangzhou Spark,Ana
3044,Paraíso,shy,Hangzhou Spark,Sojourn
3085,Dorado,GA9A,Chengdu Hunters,Doomfist
3100,Dorado,GA9A,Chengdu Hunters,Winston
3138,Dorado,Jinmu,Chengdu Hunters,Sombra
3165,Dorado,Leave,Chengdu Hunters,Tracer
3203,Dorado,Mmonk,Chengdu Hunters,Ana
3240,Dorado,Nisha,Chengdu Hunters,Brigitte
3273,Dorado,Guxue,Hangzhou Spark,Winston
3319,Dorado,Pineapple,Hangzhou Spark,Tracer
3347,Dorado,Pineapple,Hangzhou Spark,Widowmaker
3370,Dorado,Superich,Hangzhou Spark,Brigitte
3401,Dorado,Teru,Hangzhou Spark,Ana
3449,Dorado,shy,Hangzhou Spark,Sojourn
3484,Busan,Crimzo,Boston Uprising,Baptiste
3515,Busan,Faith,Boston Uprising,Lucio
3550,Busan,Seeker,Boston Uprising,Sojourn
3580,Busan,Victoria,Boston Uprising,Genji
3607,Busan,punk,Boston Uprising,Doomfist
3616,Busan,punk,Boston Uprising,Zarya
3644,Busan,Anamo,Florida Mayhem,Lucio
3675,Busan,Checkmate,Florida Mayhem,Genji
3711,Busan,Hydron,Florida Mayhem,Sojourn
3756,Busan,Rupal,Florida Mayhem,Baptiste
3793,Busan,Someone,Florida Mayhem,Zarya
3828,Eichenwalde,Crimzo,Boston Uprising,Baptiste
3866,Eichenwalde,Faith,Boston Uprising,Lucio
3912,Eichenwalde,Seeker,Boston Uprising,Sojourn
3949,Eichenwalde,Victoria,Boston Uprising,Genji
3984,Eichenwalde,punk,Boston Uprising,Doomfist
3991,Eichenwalde,punk,Boston Uprising,Zarya
4028,Eichenwalde,Anamo,Florida Mayhem,Lucio
4069,Eichenwalde,Checkmate,Florida Mayhem,Genji
4104,Eichenwalde,Hydron,Florida Mayhem,Sojourn
4135,Eichenwalde,Rupal,Florida Mayhem,Baptiste
4177,Eichenwalde,Someone,Florida Mayhem,Zarya
4211,Circuit royal,Crimzo,Boston Uprising,Baptiste
4242,Circuit royal,Faith,Boston Uprising,Lucio
4279,Circuit royal,Seeker,Boston Uprising,Junkrat
4284,Circuit royal,Seeker,Boston Uprising,Sojourn
4320,Circuit royal,Victoria,Boston Uprising,Genji
4349,Circuit royal,punk,Boston Uprising,Doomfist
4355,Circuit royal,punk,Boston Uprising,Zarya
4386,Circuit royal,Anamo,Florida Mayhem,Lucio
4431,Circuit royal,Checkmate,Florida Mayhem,Ashe
4443,Circuit royal,Checkmate,Florida Mayhem,Genji
4460,Circuit royal,Checkmate,Florida Mayhem,Symmetra
4481,Circuit royal,Hydron,Florida Mayhem,Sojourn
4517,Circuit royal,Rupal,Florida Mayhem,Baptiste
4551,Circuit royal,Someone,Florida Mayhem,Zarya
4591,Ilios,CH0R0NG,Toronto Defiant,Lucio
4627,Ilios,Finale,Toronto Defiant,Genji
4663,Ilios,HOTBA,Toronto Defiant,Zarya
4700,Ilios,Heesu,Toronto Defiant,Sojourn
4724,Ilios,Heesu,Toronto Defiant,Widowmaker
4752,Ilios,Twilight,Toronto Defiant,Baptiste
4789,Ilios,Assassin,Washington Justice,Genji
4823,Ilios,Decay,Washington Justice,Sojourn
4855,Ilios,Kalios,Washington Justice,Zarya
4885,Ilios,Krillin,Washington Justice,Baptiste
4929,Ilios,OPENER,Washington Justice,Lucio
4968,Paraíso,CH0R0NG,Toronto Defiant,Lucio
4997,Paraíso,CH0R0NG,Toronto Defiant,Moira
5011,Paraíso,Finale,Toronto Defiant,Genji
5036,Paraíso,Finale,Toronto Defiant,Hanzo
5042,Paraíso,Finale,Toronto Defiant,Widowmaker
5062,Paraíso,HOTBA,Toronto Defiant,Zarya
5100,Paraíso,Heesu,Toronto Defiant,Sojourn
5124,Paraíso,Heesu,Toronto Defiant,Widowmaker
5144,Paraíso,Twilight,Toronto Defiant,Ana
5169,Paraíso,Twilight,Toronto Defiant,Baptiste
5209,Paraíso,Assassin,Washington Justice,Genji
5232,Paraíso,Assassin,Washington Justice,Mei
5241,Paraíso,Assassin,Washington Justice,Sombra
5267,Paraíso,Decay,Washington Justice,Sojourn
5287,Paraíso,Decay,Washington Justice,Tracer
5313,Paraíso,Kalios,Washington Justice,D.Va
5328,Paraíso,Kalios,Washington Justice,Zarya
5365,Paraíso,Krillin,Washington Justice,Baptiste
5385,Paraíso,Krillin,Washington Justice,Zenyatta
5421,Paraíso,OPENER,Washington Justice,Ana
5445,Paraíso,OPENER,Washington Justice,Brigitte
5447,Paraíso,OPENER,Washington Justice,Lucio
5493,Dorado,CH0R0NG,Toronto Defiant,Brigitte
5507,Dorado,CH0R0NG,Toronto Defiant,Lucio
5540,Dorado,Finale,Toronto Defiant,Genji
5556,Dorado,Finale,Toronto Defiant,Symmetra
5563,Dorado,Finale,Toronto Defiant,Tracer
5601,Dorado,HOTBA,Toronto Defiant,D.Va
5625,Dorado,HOTBA,Toronto Defiant,Zarya
5665,Dorado,Heesu,Toronto Defiant,Sojourn
5708,Dorado,Twilight,Toronto Defiant,Ana
5735,Dorado,Twilight,Toronto Defiant,Baptiste
5764,Dorado,Twilight,Toronto Defiant,Lucio
5777,Dorado,Twilight,Toronto Defiant,Zenyatta
5820,Dorado,Assassin,Washington Justice,Sombra
5854,Dorado,Decay,Washington Justice,Symmetra
5862,Dorado,Decay,Washington Justice,Tracer
5899,Dorado,Kalios,Washington Justice,D.Va
5934,Dorado,Krillin,Washington Justice,Baptiste
5940,Dorado,Krillin,Washington Justice,Zenyatta
5979,Dorado,OPENER,Washington Justice,Ana
6012,Dorado,OPENER,Washington Justice,Lucio
6043,Oasis,Anamo,Florida Mayhem,Lucio
6086,Oasis,Checkmate,Florida Mayhem,Mei
6101,Oasis,Checkmate,Florida Mayhem,Sombra
6128,Oasis,Hydron,Florida Mayhem,Sojourn
6149,Oasis,Hydron,Florida Mayhem,Symmetra
6154,Oasis,Hydron,Florida Mayhem,Tracer
6190,Oasis,Rupal,Florida Mayhem,Ana
6217,Oasis,Rupal,Florida Mayhem,Baptiste
6260,Oasis,Someone,Florida Mayhem,Reinhardt
6282,Oasis,Someone,Florida Mayhem,Winston
6321,Oasis,CH0R0NG,Toronto Defiant,Lucio
6358,Oasis,Finale,Toronto Defiant,Genji
6377,Oasis,Finale,Toronto Defiant,Symmetra
6384,Oasis,Finale,Toronto Defiant,Tracer
6416,Oasis,HOTBA,Toronto Defiant,Zarya
6451,Oasis,Heesu,Toronto Defiant,Sojourn
6475,Oasis,Heesu,Toronto Defiant,Sombra
6509,Oasis,Twilight,Toronto Defiant,Ana
6539,Oasis,Twilight,Toronto Defiant,Baptiste
6576,Eichenwalde,Anamo,Florida Mayhem,Lucio
6615,Eichenwalde,Checkmate,Florida Mayhem,Genji
6660,Eichenwalde,Hydron,Florida Mayhem,Sojourn
6700,Eichenwalde,Rupal,Florida Mayhem,Baptiste
6737,Eichenwalde,Someone,Florida Mayhem,Zarya
6773,Eichenwalde,CH0R0NG,Toronto Defiant,Lucio
6808,Eichenwalde,Finale,Toronto Defiant,Genji
6832,Eichenwalde,Finale,Toronto Defiant,Tracer
6865,Eichenwalde,HOTBA,Toronto Defiant,Zarya
6909,Eichenwalde,Heesu,Toronto Defiant,Sojourn
6940,Eichenwalde,Twilight,Toronto Defiant,Baptiste
6982,Circuit royal,Anamo,Florida Mayhem,Lucio
7022,Circuit royal,Checkmate,Florida Mayhem,Genji
7058,Circuit royal,Hydron,Florida Mayhem,Sojourn
7092,Circuit royal,Rupal,Florida Mayhem,Baptiste
7129,Circuit royal,Someone,Florida Mayhem,Zarya
7172,Circuit royal,CH0R0NG,Toronto Defiant,Lucio
7210,Circuit royal,Finale,Toronto Defiant,Genji
7231,Circuit royal,Finale,Toronto Defiant,Tracer
7246,Circuit royal,Finale,Toronto Defiant,Widowmaker
7267,Circuit royal,HOTBA,Toronto Defiant,Zarya
7306,Circuit royal,Heesu,Toronto Defiant,Sojourn
7340,Circuit royal,Twilight,Toronto Defiant,Ana
7347,Circuit royal,Twilight,Toronto Defiant,Baptiste
7380,Colosseo,Anamo,Florida Mayhem,Lucio
7414,Colosseo,Checkmate,Florida Mayhem,Genji
7449,Colosseo,Hydron,Florida Mayhem,Sojourn
7488,Colosseo,Rupal,Florida Mayhem,Baptiste
7524,Colosseo,Someone,Florida Mayhem,Zarya
7566,Colosseo,CH0R0NG,Toronto Defiant,Lucio
7608,Colosseo,Finale,Toronto Defiant,Genji
7643,Colosseo,HOTBA,Toronto Defiant,Zarya
7680,Colosseo,Heesu,Toronto Defiant,Sojourn
7726,Colosseo,Twilight,Toronto Defiant,Baptiste
7762,Ilios,Crimzo,Boston Uprising,Baptiste
7801,Ilios,Faith,Boston Uprising,Lucio
7841,Ilios,Seeker,Boston Uprising,Sojourn
7860,Ilios,Seeker,Boston Uprising,Tracer
7879,Ilios,Victoria,Boston Uprising,Genji
7918,Ilios,punk,Boston Uprising,Doomfist
7923,Ilios,punk,Boston Uprising,Zarya
7957,Ilios,Assassin,Washington Justice,Genji
7980,Ilios,Assassin,Washington Justice,Sombra
8013,Ilios,Decay,Washington Justice,Sojourn
8045,Ilios,Decay,Washington Justice,Symmetra
8050,Ilios,Decay,Washington Justice,Tracer
8082,Ilios,Kalios,Washington Justice,D.Va
8095,Ilios,Kalios,Washington Justice,Doomfist
8104,Ilios,Kalios,Washington Justice,Zarya
8139,Ilios,Krillin,Washington Justice,Baptiste
8173,Ilios,Krillin,Washington Justice,Mercy
8177,Ilios,Krillin,Washington Justice,Zenyatta
8208,Ilios,OPENER,Washington Justice,Brigitte
8224,Ilios,OPENER,Washington Justice,Lucio
8266,King's Row,Crimzo,Boston Uprising,Baptiste
8304,King's Row,Faith,Boston Uprising,Lucio
8349,King's Row,Seeker,Boston Uprising,Sojourn
8374,King's Row,Seeker,Boston Uprising,Tracer
8385,King's Row,Seeker,Boston Uprising,Widowmaker
8399,King's Row,Victoria,Boston Uprising,Genji
8429,King's Row,Victoria,Boston Uprising,Tracer
8436,King's Row,Victoria,Boston Uprising,Widowmaker
8451,King's Row,punk,Boston Uprising,Zarya
8490,King's Row,Assassin,Washington Justice,Genji
8509,King's Row,Assassin,Washington Justice,Sombra
8535,King's Row,Decay,Washington Justice,Sojourn
8557,King's Row,Decay,Washington Justice,Tracer
8592,King's Row,Kalios,Washington Justice,Doomfist
8596,King's Row,Kalios,Washington Justice,Zarya
8630,King's Row,Krillin,Washington Justice,Baptiste
8653,King's Row,Krillin,Washington Justice,Zenyatta
8690,King's Row,OPENER,Washington Justice,Ana
8712,King's Row,OPENER,Washington Justice,Brigitte
8714,King's Row,OPENER,Washington Justice,Lucio
8756,Circuit royal,Crimzo,Boston Uprising,Baptiste
8800,Circuit royal,Faith,Boston Uprising,Lucio
8843,Circuit royal,Seeker,Boston Uprising,Sojourn
8876,Circuit royal,Seeker,Boston Uprising,Symmetra
8883,Circuit royal,Seeker,Boston Uprising,Tracer
8902,Circuit royal,Victoria,Boston Uprising,Genji
8926,Circuit royal,Victoria,Boston Uprising,Tracer
8950,Circuit royal,punk,Boston Uprising,Zarya
8991,Circuit royal,Assassin,Washington Justice,Genji
9023,Circuit royal,Decay,Washington Justice,Sojourn
9062,Circuit royal,Kalios,Washington Justice,Zarya
9101,Circuit royal,Krillin,Washington Justice,Baptiste
9144,Circuit royal,OPENER,Washington Justice,Lucio
9186,Ilios,Crimzo,Boston Uprising,Baptiste
9225,Ilios,Faith,Boston Uprising,Lucio
9265,Ilios,Seeker,Boston Uprising,Sojourn
9298,Ilios,Victoria,Boston Uprising,Genji
9330,Ilios,punk,Boston Uprising,Zarya
9366,Ilios,CH0R0NG,Toronto Defiant,Lucio
9401,Ilios,Finale,Toronto Defiant,Genji
9441,Ilios,HOTBA,Toronto Defiant,Zarya
9473,Ilios,Heesu,Toronto Defiant,Sojourn
9501,Ilios,Twilight,Toronto Defiant,Baptiste
9536,Eichenwalde,Crimzo,Boston Uprising,Ana
9539,Eichenwalde,Crimzo,Boston Uprising,Baptiste
9571,Eichenwalde,Faith,Boston Uprising,Lucio
9609,Eichenwalde,Seeker,Boston Uprising,Sojourn
9626,Eichenwalde,Seeker,Boston Uprising,Tracer
9638,Eichenwalde,Seeker,Boston Uprising,Widowmaker
9648,Eichenwalde,Victoria,Boston Uprising,Genji
9685,Eichenwalde,punk,Boston Uprising,Zarya
9717,Eichenwalde,CH0R0NG,Toronto Defiant,Lucio
9749,Eichenwalde,Finale,Toronto Defiant,Genji
9782,Eichenwalde,HOTBA,Toronto Defiant,Zarya
9812,Eichenwalde,Heesu,Toronto Defiant,Sojourn
9852,Eichenwalde,Twilight,Toronto Defiant,Ana
9863,Eichenwalde,Twilight,Toronto Defiant,Baptiste
9903,Circuit royal,Crimzo,Boston Uprising,Ana
9923,Circuit royal,Crimzo,Boston Uprising,Baptiste
9970,Circuit royal,Faith,Boston Uprising,Lucio
10006,Circuit royal,Seeker,Boston Uprising,Sojourn
10029,Circuit royal,Seeker,Boston Uprising,Tracer
10056,Circuit royal,Victoria,Boston Uprising,Genji
10075,Circuit royal,Victoria,Boston Uprising,Sojourn
10084,Circuit royal,Victoria,Boston Uprising,Tracer
10105,Circuit royal,punk,Boston Uprising,Doomfist
10117,Circuit royal,punk,Boston Uprising,Zarya
10152,Circuit royal,CH0R0NG,Toronto Defiant,Lucio
10192,Circuit royal,Finale,Toronto Defiant,Genji
10215,Circuit royal,Finale,Toronto Defiant,Sombra
10219,Circuit royal,Finale,Toronto Defiant,Tracer
10244,Circuit royal,HOTBA,Toronto Defiant,Doomfist
10251,Circuit royal,HOTBA,Toronto Defiant,Zarya
10297,Circuit royal,Heesu,Toronto Defiant,Sojourn
10336,Circuit royal,Twilight,Toronto Defiant,Ana
10369,Circuit royal,Twilight,Toronto Defiant,Baptiste
10406,Lijiang Tower,Admiral,London Spitfire,Lucio
10451,Lijiang Tower,Backbone,London Spitfire,Reaper
10481,Lijiang Tower,Hadi,London Spitfire,Winston
10520,Lijiang Tower,Landon,London Spitfire,Kiriko
10543,Lijiang Tower,SparkR,London Spitfire,Sojourn
10577,Lijiang Tower,AimGod,Seoul Infernal,Kiriko
10609,Lijiang Tower,Belosrea,Seoul Infernal,Winston
10643,Lijiang Tower,FIXA,Seoul Infernal,Lucio
10675,Lijiang Tower,MN3,Seoul Infernal,Sojourn
10705,Lijiang Tower,carpe,Seoul Infernal,Reaper
10728,Lijiang Tower,carpe,Seoul Infernal,Symmetra
10752,Eichenwalde,Admiral,London Spitfire,Lucio
10795,Eichenwalde,Backbone,London Spitfire,Reaper
10811,Eichenwalde,Backbone,London Spitfire,Widowmaker
10841,Eichenwalde,Hadi,London Spitfire,Winston
10883,Eichenwalde,Landon,London Spitfire,Kiriko
10907,Eichenwalde,SparkR,London Spitfire,Sojourn
10946,Eichenwalde,AimGod,Seoul Infernal,Kiriko
10971,Eichenwalde,Belosrea,Seoul Infernal,Winston
11010,Eichenwalde,FIXA,Seoul Infernal,Lucio
11047,Eichenwalde,MN3,Seoul Infernal,Sojourn
11084,Eichenwalde,carpe,Seoul Infernal,Reaper
11117,Route 66,Admiral,London Spitfire,Ana
11121,Route 66,Admiral,London Spitfire,Lucio
11158,Route 66,Backbone,London Spitfire,Reaper
11172,Route 66,Backbone,London Spitfire,Widowmaker
11192,Route 66,Hadi,London Spitfire,Roadhog
11201,Route 66,Hadi,London Spitfire,Winston
11242,Route 66,Landon,London Spitfire,Kiriko
11276,Route 66,SparkR,London Spitfire,Sojourn
11315,Route 66,AimGod,Seoul Infernal,Kiriko
11347,Route 66,Belosrea,Seoul Infernal,Winston
11390,Route 66,FIXA,Seoul Infernal,Ana
11399,Route 66,FIXA,Seoul Infernal,Lucio
11432,Route 66,MN3,Seoul Infernal,Sojourn
11462,Route 66,carpe,Seoul Infernal,Reaper
11497,Oasis,AlphaYi,Hangzhou Spark,Reaper
11525,Oasis,Guxue,Hangzhou Spark,Winston
11568,Oasis,Superich,Hangzhou Spark,Lucio
11607,Oasis,Teru,Hangzhou Spark,Kiriko
11639,Oasis,shy,Hangzhou Spark,Sojourn
11681,Oasis,Fate,Shanghai Dragons,Winston
11720,Oasis,Fleta,Shanghai Dragons,Reaper
11760,Oasis,IZaYaKI,Shanghai Dragons,Kiriko
11794,Oasis,LIP,Shanghai Dragons,Sojourn
11831,Oasis,LeeJaeGon,Shanghai Dragons,Lucio
11872,King's Row,AlphaYi,Hangzhou Spark,Reaper
11912,King's Row,Guxue,Hangzhou Spark,Winston
11956,King's Row,Superich,Hangzhou Spark,Lucio
12004,King's Row,Teru,Hangzhou Spark,Kiriko
12040,King's Row,shy,Hangzhou Spark,Sojourn
12075,King's Row,Fate,Shanghai Dragons,Winston
12117,King's Row,Fleta,Shanghai Dragons,Reaper
12131,King's Row,Fleta,Shanghai Dragons,Sombra
12152,King's Row,IZaYaKI,Shanghai Dragons,Kiriko
12188,King's Row,LIP,Shanghai Dragons,Sojourn
12235,King's Row,LeeJaeGon,Shanghai Dragons,Lucio
12274,Route 66,AlphaYi,Hangzhou Spark,Hanzo
12282,Route 66,AlphaYi,Hangzhou Spark,Junkrat
12286,Route 66,AlphaYi,Hangzhou Spark,Reaper
12320,Route 66,Guxue,Hangzhou Spark,Roadhog
12335,Route 66,Guxue,Hangzhou Spark,Winston
12369,Route 66,Superich,Hangzhou Spark,Lucio
12414,Route 66,Teru,Hangzhou Spark,Kiriko
12443,Route 66,shy,Hangzhou Spark,Sojourn
12485,Route 66,Fate,Shanghai Dragons,Winston
12522,Route 66,Fleta,Shanghai Dragons,Reaper
12547,Route 66,IZaYaKI,Shanghai Dragons,Kiriko
12575,Route 66,LIP,Shanghai Dragons,Sojourn
12597,Route 66,LIP,Shanghai Dragons,Widowmaker
12612,Route 66,LeeJaeGon,Shanghai Dragons,Lucio
12652,Lijiang Tower,Hawk,Atlanta Reign,Doomfist
12667,Lijiang Tower,Hawk,Atlanta Reign,Reinhardt
12679,Lijiang Tower,Hawk,Atlanta Reign,Winston
12718,Lijiang Tower,Kai,Atlanta Reign,Sojourn
12763,Lijiang Tower,Ojee,Atlanta Reign,Lucio
12802,Lijiang Tower,Speedily,Atlanta Reign,Bastion
12828,Lijiang Tower,Speedily,Atlanta Reign,Reaper
12846,Lijiang Tower,Speedily,Atlanta Reign,Tracer
12875,Lijiang Tower,UltraViolet,Atlanta Reign,Kiriko
12912,Lijiang Tower,Anamo,Florida Mayhem,Lucio
12953,Lijiang Tower,Checkmate,Florida Mayhem,Reaper
12983,Lijiang Tower,Hydron,Florida Mayhem,Sojourn
13026,Lijiang Tower,Rupal,Florida Mayhem,Kiriko
13053,Lijiang Tower,Someone,Florida Mayhem,Orisa
13079,Lijiang Tower,Someone,Florida Mayhem,Winston
13128,King's Row,Hawk,Atlanta Reign,Orisa
13152,King's Row,Hawk,Atlanta Reign,Winston
13190,King's Row,Kai,Atlanta Reign,Sojourn
13225,King's Row,Ojee,Atlanta Reign,Lucio
13262,King's Row,UltraViolet,Atlanta Reign,Kiriko
13288,King's Row,nero,Atlanta Reign,Reaper
13319,King's Row,Anamo,Florida Mayhem,Lucio
13366,King's Row,Checkmate,Florida Mayhem,Reaper
13396,King's Row,Hydron,Florida Mayhem,Sojourn
13415,King's Row,Hydron,Florida Mayhem,Widowmaker
13441,King's Row,SirMajed,Florida Mayhem,Kiriko
13477,King's Row,Someone,Florida Mayhem,Winston
13514,Junkertown,Hawk,Atlanta Reign,Doomfist
13531,Junkertown,Hawk,Atlanta Reign,Winston
13574,Junkertown,Kai,Atlanta Reign,Sojourn
13608,Junkertown,Ojee,Atlanta Reign,Lucio
13641,Junkertown,UltraViolet,Atlanta Reign,Kiriko
13671,Junkertown,nero,Atlanta Reign,Reaper
13704,Junkertown,Anamo,Florida Mayhem,Lucio
13738,Junkertown,Checkmate,Florida Mayhem,Reaper
13761,Junkertown,Checkmate,Florida Mayhem,Widowmaker
13781,Junkertown,Hydron,Florida Mayhem,Sojourn
13803,Junkertown,Hydron,Florida Mayhem,Widowmaker
13827,Junkertown,SirMajed,Florida Mayhem,Kiriko
13866,Junkertown,Someone,Florida Mayhem,Doomfist
13871,Junkertown,Someone,Florida Mayhem,Winston
13897,Junkertown,Someone,Florida Mayhem,Zarya
13911,Busan,Creative,Houston Outlaws,Baptiste
13941,Busan,Creative,Houston Outlaws,Kiriko
13972,Busan,Danteh,Houston Outlaws,Orisa
13992,Busan,Danteh,Houston Outlaws,Roadhog
14030,Busan,Lastro,Houston Outlaws,Lucio
14064,Busan,MER1T,Houston Outlaws,Sojourn
14105,Busan,PELICAN,Houston Outlaws,Reaper
14127,Busan,PELICAN,Houston Outlaws,Symmetra
14130,Busan,PELICAN,Houston Outlaws,Tracer
14165,Busan,CH0R0NG,Toronto Defiant,Lucio
14203,Busan,Finale,Toronto Defiant,Reaper
14221,Busan,Finale,Toronto Defiant,Tracer
14242,Busan,Heesu,Toronto Defiant,Sojourn
14262,Busan,Heesu,Toronto Defiant,Widowmaker
14277,Busan,MuZe,Toronto Defiant,Winston
14314,Busan,Twilight,Toronto Defiant,Kiriko
14338,Paraíso,Creative,Houston Outlaws,Kiriko
14370,Paraíso,Danteh,Houston Outlaws,Winston
14413,Paraíso,Lastro,Houston Outlaws,Lucio
14448,Paraíso,MER1T,Houston Outlaws,Sojourn
14485,Paraíso,PELICAN,Houston Outlaws,Reaper
14510,Paraíso,PELICAN,Houston Outlaws,Tracer
14537,Paraíso,CH0R0NG,Toronto Defiant,Lucio
14572,Paraíso,Finale,Toronto Defiant,Hanzo
14575,Paraíso,Finale,Toronto Defiant,Reaper
14595,Paraíso,Finale,Toronto Defiant,Tracer
14610,Paraíso,Heesu,Toronto Defiant,Sojourn
14639,Paraíso,MuZe,Toronto Defiant,Winston
14679,Paraíso,Twilight,Toronto Defiant,Kiriko
14711,Dorado,Creative,Houston Outlaws,Kiriko
14745,Dorado,Danteh,Houston Outlaws,Winston
14794,Dorado,Lastro,Houston Outlaws,Lucio
14840,Dorado,MER1T,Houston Outlaws,Sojourn
14876,Dorado,PELICAN,Houston Outlaws,Reaper
14890,Dorado,PELICAN,Houston Outlaws,Soldier: 76
14905,Dorado,PELICAN,Houston Outlaws,Symmetra
14914,Dorado,PELICAN,Houston Outlaws,Tracer
14931,Dorado,CH0R0NG,Toronto Defiant,Lucio
14977,Dorado,Finale,Toronto Defiant,Reaper
14996,Dorado,Finale,Toronto Defiant,Symmetra
15001,Dorado,Finale,Toronto Defiant,Tracer
15029,Dorado,Heesu,Toronto Defiant,Sojourn
15064,Dorado,MuZe,Toronto Defiant,Winston
15106,Dorado,Twilight,Toronto Defiant,Kiriko
15136,Lijiang Tower,ChiYo,Dallas Fuel,Lucio
15175,Lijiang Tower,Edison,Dallas Fuel,Sojourn
15211,Lijiang Tower,FEARLESS,Dallas Fuel,Winston
15249,Lijiang Tower,Fielder,Dallas Fuel,Kiriko
15282,Lijiang Tower,SP9RK1E,Dallas Fuel,Reaper
15303,Lijiang Tower,SP9RK1E,Dallas Fuel,Widowmaker
15325,Lijiang Tower,AlphaYi,Hangzhou Spark,Reaper
15342,Lijiang Tower,AlphaYi,Hangzhou Spark,Symmetra
15360,Lijiang Tower,Guxue,Hangzhou Spark,Winston
15409,Lijiang Tower,Superich,Hangzhou Spark,Lucio
15450,Lijiang Tower,Teru,Hangzhou Spark,Kiriko
15482,Lijiang Tower,shy,Hangzhou Spark,Sojourn
15515,Paraíso,ChiYo,Dallas Fuel,Lucio
15557,Paraíso,Edison,Dallas Fuel,Sojourn
15576,Paraíso,Edison,Dallas Fuel,Widowmaker
15594,Paraíso,FEARLESS,Dallas Fuel,Winston
15626,Paraíso,Fielder,Dallas Fuel,Kiriko
15650,Paraíso,SP9RK1E,Dallas Fuel,Reaper
15686,Paraíso,AlphaYi,Hangzhou Spark,Reaper
15708,Paraíso,AlphaYi,Hangzhou Spark,Tracer
15722,Paraíso,AlphaYi,Hangzhou Spark,Widowmaker
15742,Paraíso,Guxue,Hangzhou Spark,Winston
15778,Paraíso,Superich,Hangzhou Spark,Brigitte
15782,Paraíso,Superich,Hangzhou Spark,Lucio
15824,Paraíso,Teru,Hangzhou Spark,Kiriko
15860,Paraíso,shy,Hangzhou Spark,Sojourn
15901,Dorado,ChiYo,Dallas Fuel,Lucio
15944,Dorado,Edison,Dallas Fuel,Sojourn
15963,Dorado,Edison,Dallas Fuel,Widowmaker
15992,Dorado,FEARLESS,Dallas Fuel,Doomfist
15995,Dorado,FEARLESS,Dallas Fuel,Winston
16039,Dorado,Fielder,Dallas Fuel,Kiriko
16072,Dorado,SP9RK1E,Dallas Fuel,Reaper
16090,Dorado,SP9RK1E,Dallas Fuel,Tracer
16121,Dorado,AlphaYi,Hangzhou Spark,Echo
16145,Dorado,AlphaYi,Hangzhou Spark,Reaper
16166,Dorado,AlphaYi,Hangzhou Spark,Tracer
16182,Dorado,AlphaYi,Hangzhou Spark,Widowmaker
16204,Dorado,Guxue,Hangzhou Spark,Winston
16249,Dorado,Superich,Hangzhou Spark,Lucio
16290,Dorado,Teru,Hangzhou Spark,Kiriko
16318,Dorado,shy,Hangzhou Spark,Sojourn
16352,Esperança,ChiYo,Dallas Fuel,Lucio
16400,Esperança,Edison,Dallas Fuel,Sojourn
16435,Esperança,FEARLESS,Dallas Fuel,Winston
16476,Esperança,Fielder,Dallas Fuel,Kiriko
16519,Esperança,SP9RK1E,Dallas Fuel,Reaper
16546,Esperança,AlphaYi,Hangzhou Spark,Reaper
16568,Esperança,Guxue,Hangzhou Spark,Winston
16604,Esperança,Superich,Hangzhou Spark,Lucio
16647,Esperança,Teru,Hangzhou Spark,Kiriko
16673,Esperança,shy,Hangzhou Spark,Sojourn
16710,Ilios,Anamo,Florida Mayhem,Lucio
16750,Ilios,Checkmate,Florida Mayhem,Reaper
16770,Ilios,Checkmate,Florida Mayhem,Tracer
16800,Ilios,Hydron,Florida Mayhem,Sojourn
16825,Ilios,Hydron,Florida Mayhem,Widowmaker
16851,Ilios,SirMajed,Florida Mayhem,Kiriko
16884,Ilios,Someone,Florida Mayhem,Winston
16922,Ilios,Fits,Seoul Dynasty,Sojourn
16964,Ilios,Profit,Seoul Dynasty,Reaper
16994,Ilios,Vindaim,Seoul Dynasty,Lucio
17035,Ilios,ir1s,Seoul Dynasty,Kiriko
17069,Ilios,smurf,Seoul Dynasty,Winston
17108,Eichenwalde,Anamo,Florida Mayhem,Lucio
17146,Eichenwalde,Checkmate,Florida Mayhem,Reaper
17166,Eichenwalde,Checkmate,Florida Mayhem,Tracer
17190,Eichenwalde,Hydron,Florida Mayhem,Sojourn
17211,Eichenwalde,Hydron,Florida Mayhem,Widowmaker
17234,Eichenwalde,SirMajed,Florida Mayhem,Kiriko
17275,Eichenwalde,Someone,Florida Mayhem,Winston
17317,Eichenwalde,Fits,Seoul Dynasty,Sojourn
17356,Eichenwalde,Profit,Seoul Dynasty,Reaper
17371,Eichenwalde,Profit,Seoul Dynasty,Widowmaker
17401,Eichenwalde,Vindaim,Seoul Dynasty,Lucio
17442,Eichenwalde,ir1s,Seoul Dynasty,Kiriko
17477,Eichenwalde,smurf,Seoul Dynasty,Winston
17524,Junkertown,Checkmate,Florida Mayhem,Genji
17549,Junkertown,Checkmate,Florida Mayhem,Hanzo
17566,Junkertown,Checkmate,Florida Mayhem,Reaper
17580,Junkertown,Checkmate,Florida Mayhem,Widowmaker
17605,Junkertown,Hydron,Florida Mayhem,Sojourn
17624,Junkertown,Hydron,Florida Mayhem,Widowmaker
17654,Junkertown,Rupal,Florida Mayhem,Baptiste
17677,Junkertown,Rupal,Florida Mayhem,Lucio
17717,Junkertown,SirMajed,Florida Mayhem,Kiriko
17735,Junkertown,SirMajed,Florida Mayhem,Zenyatta
17773,Junkertown,Someone,Florida Mayhem,Roadhog
17790,Junkertown,Someone,Florida Mayhem,Sigma
17807,Junkertown,Someone,Florida Mayhem,Winston
17844,Junkertown,Fits,Seoul Dynasty,Sojourn
17871,Junkertown,Fits,Seoul Dynasty,Widowmaker
17906,Junkertown,Profit,Seoul Dynasty,Genji
17929,Junkertown,Profit,Seoul Dynasty,Hanzo
17949,Junkertown,Profit,Seoul Dynasty,Reaper
17969,Junkertown,Profit,Seoul Dynasty,Tracer
18012,Junkertown,Vindaim,Seoul Dynasty,Lucio
18039,Junkertown,Vindaim,Seoul Dynasty,Zenyatta
18084,Junkertown,ir1s,Seoul Dynasty,Ana
18114,Junkertown,ir1s,Seoul Dynasty,Baptiste
18134,Junkertown,ir1s,Seoul Dynasty,Kiriko
18163,Junkertown,smurf,Seoul Dynasty,Sigma
18182,Junkertown,smurf,Seoul Dynasty,Winston
18222,Ilios,Creative,Houston Outlaws,Kiriko
18261,Ilios,Danteh,Houston Outlaws,Winston
18313,Ilios,Lastro,Houston Outlaws,Lucio
18353,Ilios,MER1T,Houston Outlaws,Sojourn
18388,Ilios,PELICAN,Houston Outlaws,Reaper
18425,Ilios,FiNN,San Francisco Shock,Kiriko
18458,Ilios,Proper,San Francisco Shock,Sojourn
18482,Ilios,STRIKER,San Francisco Shock,Reaper
18504,Ilios,Viol2t,San Francisco Shock,Lucio
18541,Ilios,mikeyy,San Francisco Shock,Winston
18589,King's Row,Creative,Houston Outlaws,Kiriko
18626,King's Row,Danteh,Houston Outlaws,Winston
18668,King's Row,Lastro,Houston Outlaws,Lucio
18704,King's Row,MER1T,Houston Outlaws,Sojourn
18744,King's Row,PELICAN,Houston Outlaws,Reaper
18777,King's Row,Coluge,San Francisco Shock,Winston
18822,King's Row,FiNN,San Francisco Shock,Kiriko
18849,King's Row,Proper,San Francisco Shock,Sojourn
18887,King's Row,STRIKER,San Francisco Shock,Reaper
18912,King's Row,Viol2t,San Francisco Shock,Lucio
18953,Route 66,Creative,Houston Outlaws,Kiriko
18986,Route 66,Danteh,Houston Outlaws,Winston
19030,Route 66,Lastro,Houston Outlaws,Lucio
19075,Route 66,MER1T,Houston Outlaws,Sojourn
19113,Route 66,PELICAN,Houston Outlaws,Reaper
19152,Route 66,Coluge,San Francisco Shock,Roadhog
19161,Route 66,Coluge,San Francisco Shock,Winston
19204,Route 66,FiNN,San Francisco Shock,Kiriko
19240,Route 66,Proper,San Francisco Shock,Sojourn
19260,Route 66,Proper,San Francisco Shock,Widowmaker
19276,Route 66,STRIKER,San Francisco Shock,Hanzo
19282,Route 66,STRIKER,San Francisco Shock,Reaper
19313,Route 66,Viol2t,San Francisco Shock,Lucio
19359,Esperança,Creative,Houston Outlaws,Kiriko
19387,Esperança,Danteh,Houston Outlaws,Winston
19430,Esperança,Lastro,Houston Outlaws,Lucio
19470,Esperança,MER1T,Houston Outlaws,Sojourn
19499,Esperança,PELICAN,Houston Outlaws,Reaper
19525,Esperança,Coluge,San Francisco Shock,Winston
19567,Esperança,FiNN,San Francisco Shock,Kiriko
19601,Esperança,Proper,San Francisco Shock,Sojourn
19630,Esperança,STRIKER,San Francisco Shock,Reaper
19664,Esperança,Viol2t,San Francisco Shock,Lucio
19704,Busan,Creative,Houston Outlaws,Baptiste
19721,Busan,Creative,Houston Outlaws,Kiriko
19756,Busan,Danteh,Houston Outlaws,Orisa
19777,Busan,Danteh,Houston Outlaws,Roadhog
19788,Busan,Danteh,Houston Outlaws,Winston
19824,Busan,Lastro,Houston Outlaws,Lucio
19872,Busan,MER1T,Houston Outlaws,Sojourn
19906,Busan,PELICAN,Houston Outlaws,Reaper
19926,Busan,PELICAN,Houston Outlaws,Symmetra
19932,Busan,PELICAN,Houston Outlaws,Tracer
19969,Busan,Coluge,San Francisco Shock,Doomfist
19971,Busan,Coluge,San Francisco Shock,Roadhog
19986,Busan,Coluge,San Francisco Shock,Winston
20029,Busan,FiNN,San Francisco Shock,Kiriko
20064,Busan,Proper,San Francisco Shock,Sojourn
20095,Busan,STRIKER,San Francisco Shock,Reaper
20115,Busan,STRIKER,San Francisco Shock,Symmetra
20123,Busan,STRIKER,San Francisco Shock,Tracer
20152,Busan,Viol2t,San Francisco Shock,Baptiste
20177,Busan,Viol2t,San Francisco Shock,Lucio
20215,Lijiang Tower,Admiral,London Spitfire,Lucio
20257,Lijiang Tower,Backbone,London Spitfire,Reaper
20295,Lijiang Tower,Hadi,London Spitfire,Winston
20335,Lijiang Tower,Landon,London Spitfire,Kiriko
20364,Lijiang Tower,SparkR,London Spitfire,Sojourn
20401,Lijiang Tower,FunnyAstro,Los Angeles Gladiators,Lucio
20435,Lijiang Tower,Happy,Los Angeles Gladiators,Reaper
20447,Lijiang Tower,Happy,Los Angeles Gladiators,Sojourn
20470,Lijiang Tower,Happy,Los Angeles Gladiators,Symmetra
20472,Lijiang Tower,Happy,Los Angeles Gladiators,Tracer
20491,Lijiang Tower,Reiner,Los Angeles Gladiators,Doomfist
20511,Lijiang Tower,Reiner,Los Angeles Gladiators,Reinhardt
20523,Lijiang Tower,Reiner,Los Angeles Gladiators,Winston
20564,Lijiang Tower,kevster,Los Angeles Gladiators,Junkrat
20582,Lijiang Tower,kevster,Los Angeles Gladiators,Reaper
20601,Lijiang Tower,kevster,Los Angeles Gladiators,Sojourn
20621,Lijiang Tower,kevster,Los Angeles Gladiators,Symmetra
20628,Lijiang Tower,kevster,Los Angeles Gladiators,Tracer
20663,Lijiang Tower,shu,Los Angeles Gladiators,Baptiste
20689,Lijiang Tower,shu,Los Angeles Gladiators,Kiriko
20717,Eichenwalde,Admiral,London Spitfire,Lucio
20763,Eichenwalde,Backbone,London Spitfire,Reaper
20782,Eichenwalde,Backbone,London Spitfire,Widowmaker
20800,Eichenwalde,Hadi,London Spitfire,Winston
20840,Eichenwalde,Landon,London Spitfire,Kiriko
20870,Eichenwalde,SparkR,London Spitfire,Sojourn
20911,Eichenwalde,FunnyAstro,Los Angeles Gladiators,Lucio
20946,Eichenwalde,Happy,Los Angeles Gladiators,Hanzo
20949,Eichenwalde,Happy,Los Angeles Gladiators,Reaper
20969,Eichenwalde,Happy,Los Angeles Gladiators,Sojourn
20978,Eichenwalde,Happy,Los Angeles Gladiators,Widowmaker
21002,Eichenwalde,Reiner,Los Angeles Gladiators,Winston
21046,Eichenwalde,kevster,Los Angeles Gladiators,Sojourn
21074,Eichenwalde,kevster,Los Angeles Gladiators,Tracer
21084,Eichenwalde,kevster,Los Angeles Gladiators,Widowmaker
21108,Eichenwalde,shu,Los Angeles Gladiators,Ana
21111,Eichenwalde,shu,Los Angeles Gladiators,Kiriko
21150,Dorado,Admiral,London Spitfire,Lucio
21189,Dorado,Backbone,London Spitfire,Reaper
21210,Dorado,Backbone,London Spitfire,Widowmaker
21235,Dorado,Hadi,London Spitfire,Winston
21282,Dorado,Landon,London Spitfire,Kiriko
21315,Dorado,SparkR,London Spitfire,Sojourn
21354,Dorado,FunnyAstro,Los Angeles Gladiators,Lucio
21388,Dorado,Happy,Los Angeles Gladiators,Sojourn
21406,Dorado,Happy,Los Angeles Gladiators,Tracer
21435,Dorado,Reiner,Los Angeles Gladiators,Doomfist
21440,Dorado,Reiner,Los Angeles Gladiators,Winston
21475,Dorado,kevster,Los Angeles Gladiators,Reaper
21490,Dorado,kevster,Los Angeles Gladiators,Symmetra
21494,Dorado,kevster,Los Angeles Gladiators,Tracer
21533,Dorado,shu,Los Angeles Gladiators,Kiriko
21569,Colosseo,Admiral,London Spitfire,Lucio
21609,Colosseo,Backbone,London Spitfire,Reaper
21637,Colosseo,Hadi,London Spitfire,Winston
21678,Colosseo,Landon,London Spitfire,Kiriko
21712,Colosseo,SparkR,London Spitfire,Sojourn
21743,Colosseo,FunnyAstro,Los Angeles Gladiators,Lucio
21777,Colosseo,Happy,Los Angeles Gladiators,Reaper
21810,Colosseo,Reiner,Los Angeles Gladiators,Winston
21847,Colosseo,kevster,Los Angeles Gladiators,Sojourn
21878,Colosseo,shu,Los Angeles Gladiators,Kiriko
21915,Oasis,FunnyAstro,Los Angeles Gladiators,Lucio
21963,Oasis,Happy,Los Angeles Gladiators,Sojourn
21987,Oasis,Happy,Los Angeles Gladiators,Widowmaker
22007,Oasis,Reiner,Los Angeles Gladiators,Winston
22040,Oasis,kevster,Los Angeles Gladiators,Reaper
22053,Oasis,kevster,Los Angeles Gladiators,Tracer
22068,Oasis,shu,Los Angeles Gladiators,Kiriko
22094,Oasis,AimGod,Seoul Infernal,Kiriko
22125,Oasis,Belosrea,Seoul Infernal,Winston
22157,Oasis,FIXA,Seoul Infernal,Lucio
22208,Oasis,MN3,Seoul Infernal,Sojourn
22240,Oasis,ZEST,Seoul Infernal,Reaper
22268,King's Row,FunnyAstro,Los Angeles Gladiators,Lucio
22317,King's Row,Happy,Los Angeles Gladiators,Sojourn
22354,King's Row,Reiner,Los Angeles Gladiators,Doomfist
22369,King's Row,Reiner,Los Angeles Gladiators,Winston
22401,King's Row,kevster,Los Angeles Gladiators,Reaper
22421,King's Row,kevster,Los Angeles Gladiators,Widowmaker
22443,King's Row,shu,Los Angeles Gladiators,Kiriko
22477,King's Row,AimGod,Seoul Infernal,Kiriko
22496,King's Row,AimGod,Seoul Infernal,Zenyatta
22512,King's Row,Belosrea,Seoul Infernal,Winston
22550,King's Row,FIXA,Seoul Infernal,Lucio
22583,King's Row,MN3,Seoul Infernal,Sojourn
22602,King's Row,MN3,Seoul Infernal,Tracer
22614,King's Row,MN3,Seoul Infernal,Widowmaker
22633,King's Row,ZEST,Seoul Infernal,Reaper
22671,Route 66,FunnyAstro,Los Angeles Gladiators,Lucio
22718,Route 66,Happy,Los Angeles Gladiators,Sojourn
22734,Route 66,Happy,Los Angeles Gladiators,Symmetra
22742,Route 66,Happy,Los Angeles Gladiators,Widowmaker
22757,Route 66,Reiner,Los Angeles Gladiators,Roadhog
22762,Route 66,Reiner,Los Angeles Gladiators,Winston
22803,Route 66,kevster,Los Angeles Gladiators,Reaper
22825,Route 66,kevster,Los Angeles Gladiators,Widowmaker
22852,Route 66,shu,Los Angeles Gladiators,Kiriko
22886,Route 66,AimGod,Seoul Infernal,Ana
22897,Route 66,AimGod,Seoul Infernal,Kiriko
22937,Route 66,Belosrea,Seoul Infernal,Roadhog
22943,Route 66,Belosrea,Seoul Infernal,Winston
22989,Route 66,FIXA,Seoul Infernal,Lucio
23036,Route 66,MN3,Seoul Infernal,Sojourn
23056,Route 66,MN3,Seoul Infernal,Widowmaker
23074,Route 66,ZEST,Seoul Infernal,Reaper
23091,Route 66,ZEST,Seoul Infernal,Tracer
23109,Esperança,FunnyAstro,Los Angeles Gladiators,Lucio
23155,Esperança,Happy,Los Angeles Gladiators,Sojourn
23195,Esperança,Reiner,Los Angeles Gladiators,Winston
23233,Esperança,kevster,Los Angeles Gladiators,Reaper
23268,Esperança,shu,Los Angeles Gladiators,Kiriko
23304,Esperança,AimGod,Seoul Infernal,Kiriko
23330,Esperança,Belosrea,Seoul Infernal,Winston
23363,Esperança,FIXA,Seoul Infernal,Lucio
23410,Esperança,MN3,Seoul Infernal,Sojourn
23446,Esperança,ZEST,Seoul Infernal,Reaper
23462,Esperança,ZEST,Seoul Infernal,Tracer
23483,Lijiang Tower,FiNN,San Francisco Shock,Kiriko
23521,Lijiang Tower,Proper,San Francisco Shock,Sojourn
23549,Lijiang Tower,STRIKER,San Francisco Shock,Reaper
23584,Lijiang Tower,Viol2t,San Francisco Shock,Lucio
23629,Lijiang Tower,mikeyy,San Francisco Shock,Winston
23670,Lijiang Tower,Fate,Shanghai Dragons,Winston
23710,Lijiang Tower,Fleta,Shanghai Dragons,Reaper
23728,Lijiang Tower,Fleta,Shanghai Dragons,Symmetra
23736,Lijiang Tower,Fleta,Shanghai Dragons,Tracer
23754,Lijiang Tower,IZaYaKI,Shanghai Dragons,Kiriko
23783,Lijiang Tower,LIP,Shanghai Dragons,Sojourn
23820,Lijiang Tower,LeeJaeGon,Shanghai Dragons,Lucio
23857,Eichenwalde,Coluge,San Francisco Shock,Doomfist
23872,Eichenwalde,Coluge,San Francisco Shock,Winston
23908,Eichenwalde,FiNN,San Francisco Shock,Kiriko
23938,Eichenwalde,Proper,San Francisco Shock,Sojourn
23973,Eichenwalde,STRIKER,San Francisco Shock,Reaper
24003,Eichenwalde,Viol2t,San Francisco Shock,Lucio
24045,Eichenwalde,Fate,Shanghai Dragons,Winston
24075,Eichenwalde,Fleta,Shanghai Dragons,Reaper
24094,Eichenwalde,Fleta,Shanghai Dragons,Tracer
24114,Eichenwalde,IZaYaKI,Shanghai Dragons,Kiriko
24145,Eichenwalde,LIP,Shanghai Dragons,Sojourn
24185,Eichenwalde,LeeJaeGon,Shanghai Dragons,Lucio
24227,Circuit royal,Coluge,San Francisco Shock,Sigma
24254,Circuit royal,Coluge,San Francisco Shock,Winston
24282,Circuit royal,FiNN,San Francisco Shock,Zenyatta
24326,Circuit royal,Kilo,San Francisco Shock,Sojourn
24354,Circuit royal,Proper,San Francisco Shock,Tracer
24377,Circuit royal,Proper,San Francisco Shock,Widowmaker
24421,Circuit royal,Viol2t,San Francisco Shock,Baptiste
24464,Circuit royal,Fate,Shanghai Dragons,Doomfist
24469,Circuit royal,Fate,Shanghai Dragons,Winston
24512,Circuit royal,Fleta,Shanghai Dragons,Genji
24532,Circuit royal,Fleta,Shanghai Dragons,Reaper
24547,Circuit royal,Fleta,Shanghai Dragons,Tracer
24567,Circuit royal,IZaYaKI,Shanghai Dragons,Kiriko
24601,Circuit royal,LIP,Shanghai Dragons,Sojourn
24629,Circuit royal,LIP,Shanghai Dragons,Widowmaker
24650,Circuit royal,LeeJaeGon,Shanghai Dragons,Lucio
24691,Esperança,Coluge,San Francisco Shock,Winston
24732,Esperança,FiNN,San Francisco Shock,Kiriko
24764,Esperança,Proper,San Francisco Shock,Sojourn
24800,Esperança,STRIKER,San Francisco Shock,Reaper
24836,Esperança,Viol2t,San Francisco Shock,Lucio
24871,Esperança,Fate,Shanghai Dragons,Winston
24914,Esperança,Fleta,Shanghai Dragons,Reaper
24945,Esperança,IZaYaKI,Shanghai Dragons,Kiriko
24982,Esperança,LIP,Shanghai Dragons,Sojourn
25018,Esperança,LeeJaeGon,Shanghai Dragons,Lucio
25049,Ilios,Gator,Atlanta Reign,Winston
25085,Ilios,Kai,Atlanta Reign,Sojourn
25129,Ilios,Ojee,Atlanta Reign,Lucio
25173,Ilios,UltraViolet,Atlanta Reign,Kiriko
25203,Ilios,nero,Atlanta Reign,Reaper
25239,Ilios,Anamo,Florida Mayhem,Lucio
25280,Ilios,Checkmate,Florida Mayhem,Reaper
25309,Ilios,Hydron,Florida Mayhem,Sojourn
25333,Ilios,Hydron,Florida Mayhem,Tracer
25356,Ilios,SirMajed,Florida Mayhem,Kiriko
25384,Ilios,Someone,Florida Mayhem,Doomfist
25390,Ilios,Someone,Florida Mayhem,Winston
25429,Eichenwalde,Gator,Atlanta Reign,Winston
25462,Eichenwalde,Kai,Atlanta Reign,Sojourn
25488,Eichenwalde,Ojee,Atlanta Reign,Lucio
25533,Eichenwalde,UltraViolet,Atlanta Reign,Kiriko
25564,Eichenwalde,nero,Atlanta Reign,Reaper
25592,Eichenwalde,Anamo,Florida Mayhem,Lucio
25632,Eichenwalde,Checkmate,Florida Mayhem,Reaper
25665,Eichenwalde,Hydron,Florida Mayhem,Sojourn
25703,Eichenwalde,SirMajed,Florida Mayhem,Kiriko
25737,Eichenwalde,Someone,Florida Mayhem,Winston
25773,Route 66,Gator,Atlanta Reign,Doomfist
25778,Route 66,Gator,Atlanta Reign,Winston
25816,Route 66,Kai,Atlanta Reign,Sojourn
25831,Route 66,Kai,Atlanta Reign,Widowmaker
25851,Route 66,Ojee,Atlanta Reign,Lucio
25891,Route 66,UltraViolet,Atlanta Reign,Kiriko
25922,Route 66,nero,Atlanta Reign,Reaper
25951,Route 66,Anamo,Florida Mayhem,Lucio
25991,Route 66,Checkmate,Florida Mayhem,Reaper
26020,Route 66,Hydron,Florida Mayhem,Sojourn
26057,Route 66,SirMajed,Florida Mayhem,Kiriko
26088,Route 66,Someone,Florida Mayhem,Winston
26134,Esperança,Gator,Atlanta Reign,Winston
26166,Esperança,Kai,Atlanta Reign,Sojourn
26187,Esperança,Kai,Atlanta Reign,Widowmaker
26206,Esperança,Ojee,Atlanta Reign,Lucio
26247,Esperança,UltraViolet,Atlanta Reign,Kiriko
26286,Esperança,nero,Atlanta Reign,Reaper
26321,Esperança,Anamo,Florida Mayhem,Lucio
26358,Esperança,Checkmate,Florida Mayhem,Reaper
26389,Esperança,Hydron,Florida Mayhem,Sojourn
26426,Esperança,SirMajed,Florida Mayhem,Kiriko
26461,Esperança,Someone,Florida Mayhem,Winston
26510,Oasis,Guxue,Hangzhou Spark,Winston
26543,Oasis,Pineapple,Hangzhou Spark,Reaper
26573,Oasis,Superich,Hangzhou Spark,Lucio
26616,Oasis,Teru,Hangzhou Spark,Kiriko
26643,Oasis,shy,Hangzhou Spark,Sojourn
26677,Oasis,CH0R0NG,Toronto Defiant,Lucio
26716,Oasis,Finale,Toronto Defiant,Sojourn
26749,Oasis,HOTBA,Toronto Defiant,Winston
26772,Oasis,HOTBA,Toronto Defiant,Wrecking Ball
26787,Oasis,Heesu,Toronto Defiant,Reaper
26819,Oasis,Twilight,Toronto Defiant,Kiriko
26847,Paraíso,Guxue,Hangzhou Spark,Winston
26894,Paraíso,Pineapple,Hangzhou Spark,Reaper
26923,Paraíso,Superich,Hangzhou Spark,Lucio
26960,Paraíso,Teru,Hangzhou Spark,Kiriko
26990,Paraíso,shy,Hangzhou Spark,Sojourn
27027,Paraíso,CH0R0NG,Toronto Defiant,Lucio
27067,Paraíso,Finale,Toronto Defiant,Sojourn
27109,Paraíso,HOTBA,Toronto Defiant,Winston
27145,Paraíso,Heesu,Toronto Defiant,Reaper
27169,Paraíso,Heesu,Toronto Defiant,Widowmaker
27199,Paraíso,Twilight,Toronto Defiant,Kiriko
27238,Route 66,Guxue,Hangzhou Spark,Winston
27283,Route 66,Pineapple,Hangzhou Spark,Reaper
27303,Route 66,Pineapple,Hangzhou Spark,Widowmaker
27320,Route 66,Superich,Hangzhou Spark,Lucio
27356,Route 66,Teru,Hangzhou Spark,Kiriko
27387,Route 66,shy,Hangzhou Spark,Sojourn
27422,Route 66,CH0R0NG,Toronto Defiant,Lucio
27468,Route 66,Finale,Toronto Defiant,Hanzo
27471,Route 66,Finale,Toronto Defiant,Sojourn
27489,Route 66,Finale,Toronto Defiant,Widowmaker
27507,Route 66,HOTBA,Toronto Defiant,Winston
27548,Route 66,Heesu,Toronto Defiant,Reaper
27584,Route 66,Twilight,Toronto Defiant,Kiriko
27617,Esperança,Guxue,Hangzhou Spark,Winston
27659,Esperança,Pineapple,Hangzhou Spark,Reaper
27694,Esperança,Superich,Hangzhou Spark,Lucio
27730,Esperança,Teru,Hangzhou Spark,Kiriko
27762,Esperança,shy,Hangzhou Spark,Sojourn
27806,Esperança,CH0R0NG,Toronto Defiant,Lucio
27846,Esperança,Finale,Toronto Defiant,Sojourn
27890,Esperança,HOTBA,Toronto Defiant,Winston
27928,Esperança,Heesu,Toronto Defiant,Reaper
27963,Esperança,Twilight,Toronto Defiant,Kiriko
27993,Lijiang Tower,AlphaYi,Hangzhou Spark,Reaper
28016,Lijiang Tower,AlphaYi,Hangzhou Spark,Symmetra
28038,Lijiang Tower,Guxue,Hangzhou Spark,Winston
28079,Lijiang Tower,Superich,Hangzhou Spark,Lucio
28122,Lijiang Tower,Teru,Hangzhou Spark,Kiriko
28153,Lijiang Tower,shy,Hangzhou Spark,Sojourn
28187,Lijiang Tower,CH0R0NG,Toronto Defiant,Lucio
28223,Lijiang Tower,Finale,Toronto Defiant,Sojourn
28238,Lijiang Tower,Finale,Toronto Defiant,Tracer
28254,Lijiang Tower,HOTBA,Toronto Defiant,Winston
28286,Lijiang Tower,Heesu,Toronto Defiant,Reaper
28321,Lijiang Tower,Twilight,Toronto Defiant,Kiriko
28352,Oasis,FunnyAstro,Los Angeles Gladiators,Lucio
28383,Oasis,Happy,Los Angeles Gladiators,Sojourn
28410,Oasis,Happy,Los Angeles Gladiators,Symmetra
28415,Oasis,Happy,Los Angeles Gladiators,Tracer
28430,Oasis,Reiner,Los Angeles Gladiators,Winston
28470,Oasis,kevster,Los Angeles Gladiators,Reaper
28504,Oasis,shu,Los Angeles Gladiators,Kiriko
28534,Oasis,FiNN,San Francisco Shock,Kiriko
28569,Oasis,Proper,San Francisco Shock,Sojourn
28605,Oasis,STRIKER,San Francisco Shock,Reaper
28636,Oasis,Viol2t,San Francisco Shock,Lucio
28672,Oasis,mikeyy,San Francisco Shock,Winston
28706,King's Row,FunnyAstro,Los Angeles Gladiators,Lucio
28754,King's Row,Happy,Los Angeles Gladiators,Sojourn
28794,King's Row,Reiner,Los Angeles Gladiators,Winston
28831,King's Row,kevster,Los Angeles Gladiators,Reaper
28852,King's Row,kevster,Los Angeles Gladiators,Widowmaker
28875,King's Row,shu,Los Angeles Gladiators,Kiriko
28910,King's Row,Coluge,San Francisco Shock,Doomfist
28912,King's Row,Coluge,San Francisco Shock,Winston
28951,King's Row,FiNN,San Francisco Shock,Kiriko
28988,King's Row,Proper,San Francisco Shock,Sojourn
29029,King's Row,STRIKER,San Francisco Shock,Reaper
29068,King's Row,Viol2t,San Francisco Shock,Lucio
29109,Circuit royal,Happy,Los Angeles Gladiators,Widowmaker
29145,Circuit royal,SPACE,Los Angeles Gladiators,Sigma
29178,Circuit royal,kevster,Los Angeles Gladiators,Sojourn
29209,Circuit royal,shu,Los Angeles Gladiators,Baptiste
29247,Circuit royal,skewed,Los Angeles Gladiators,Zenyatta
29284,Circuit royal,Coluge,San Francisco Shock,Sigma
29316,Circuit royal,FiNN,San Francisco Shock,Zenyatta
29363,Circuit royal,Kilo,San Francisco Shock,Sojourn
29398,Circuit royal,Proper,San Francisco Shock,Tracer
29420,Circuit royal,Proper,San Francisco Shock,Widowmaker
29454,Circuit royal,Viol2t,San Francisco Shock,Baptiste
29498,Esperança,FunnyAstro,Los Angeles Gladiators,Lucio
29541,Esperança,Happy,Los Angeles Gladiators,Sojourn
29579,Esperança,Reiner,Los Angeles Gladiators,Winston
29610,Esperança,kevster,Los Angeles Gladiators,Reaper
29641,Esperança,shu,Los Angeles Gladiators,Kiriko
29671,Esperança,Coluge,San Francisco Shock,Winston
29710,Esperança,FiNN,San Francisco Shock,Kiriko
29740,Esperança,Proper,San Francisco Shock,Sojourn
29771,Esperança,STRIKER,San Francisco Shock,Reaper
29801,Esperança,Viol2t,San Francisco Shock,Lucio
29844,Busan,Anamo,Florida Mayhem,Lucio
29882,Busan,Checkmate,Florida Mayhem,Reaper
29917,Busan,Hydron,Florida Mayhem,Sojourn
29954,Busan,SirMajed,Florida Mayhem,Kiriko
29991,Busan,Someone,Florida Mayhem,Doomfist
29996,Busan,Someone,Florida Mayhem,Winston
30037,Busan,AlphaYi,Hangzhou Spark,Reaper
30048,Busan,AlphaYi,Hangzhou Spark,Symmetra
30057,Busan,AlphaYi,Hangzhou Spark,Tracer
30080,Busan,Guxue,Hangzhou Spark,Winston
30119,Busan,Superich,Hangzhou Spark,Lucio
30155,Busan,Teru,Hangzhou Spark,Kiriko
30189,Busan,shy,Hangzhou Spark,Sojourn
30218,Paraíso,Anamo,Florida Mayhem,Lucio
30257,Paraíso,Checkmate,Florida Mayhem,Genji
30267,Paraíso,Checkmate,Florida Mayhem,Reaper
30303,Paraíso,Hydron,Florida Mayhem,Sojourn
30331,Paraíso,Hydron,Florida Mayhem,Tracer
30339,Paraíso,Hydron,Florida Mayhem,Widowmaker
30357,Paraíso,SirMajed,Florida Mayhem,Kiriko
30392,Paraíso,Someone,Florida Mayhem,Doomfist
30396,Paraíso,Someone,Florida Mayhem,Winston
30438,Paraíso,AlphaYi,Hangzhou Spark,Reaper
30471,Paraíso,Guxue,Hangzhou Spark,Winston
30511,Paraíso,Superich,Hangzhou Spark,Lucio
30554,Paraíso,Teru,Hangzhou Spark,Kiriko
30589,Paraíso,shy,Hangzhou Spark,Sojourn
30624,Dorado,Anamo,Florida Mayhem,Lucio
30659,Dorado,Checkmate,Florida Mayhem,Reaper
30673,Dorado,Checkmate,Florida Mayhem,Sombra
30681,Dorado,Checkmate,Florida Mayhem,Tracer
30706,Dorado,Hydron,Florida Mayhem,Sojourn
30724,Dorado,Hydron,Florida Mayhem,Widowmaker
30741,Dorado,SirMajed,Florida Mayhem,Kiriko
30768,Dorado,Someone,Florida Mayhem,Winston
30813,Dorado,AlphaYi,Hangzhou Spark,Echo
30838,Dorado,AlphaYi,Hangzhou Spark,Reaper
30855,Dorado,AlphaYi,Hangzhou Spark,Widowmaker
30883,Dorado,Guxue,Hangzhou Spark,Winston
30928,Dorado,Superich,Hangzhou Spark,Lucio
30960,Dorado,Teru,Hangzhou Spark,Kiriko
30992,Dorado,shy,Hangzhou Spark,Sojourn
31021,Esperança,Anamo,Florida Mayhem,Lucio
31058,Esperança,Checkmate,Florida Mayhem,Reaper
31090,Esperança,Hydron,Florida Mayhem,Sojourn
31129,Esperança,SirMajed,Florida Mayhem,Kiriko
31165,Esperança,Someone,Florida Mayhem,Doomfist
31178,Esperança,Someone,Florida Mayhem,Winston
31220,Esperança,AlphaYi,Hangzhou Spark,Reaper
31251,Esperança,Guxue,Hangzhou Spark,Winston
31296,Esperança,Superich,Hangzhou Spark,Lucio
31343,Esperança,Teru,Hangzhou Spark,Kiriko
31371,Esperança,shy,Hangzhou Spark,Sojourn
31409,Nepal,ChiYo,Dallas Fuel,Lucio
31445,Nepal,Edison,Dallas Fuel,Sojourn
31481,Nepal,FEARLESS,Dallas Fuel,Winston
31520,Nepal,Fielder,Dallas Fuel,Kiriko
31550,Nepal,SP9RK1E,Dallas Fuel,Reaper
31574,Nepal,SP9RK1E,Dallas Fuel,Symmetra
31597,Nepal,Fits,Seoul Dynasty,Sojourn
31628,Nepal,Profit,Seoul Dynasty,Reaper
31648,Nepal,Profit,Seoul Dynasty,Symmetra
31671,Nepal,Vindaim,Seoul Dynasty,Lucio
31715,Nepal,ir1s,Seoul Dynasty,Kiriko
31748,Nepal,smurf,Seoul Dynasty,Winston
31793,King's Row,ChiYo,Dallas Fuel,Lucio
31841,King's Row,Edison,Dallas Fuel,Sojourn
31870,King's Row,FEARLESS,Dallas Fuel,Winston
31919,King's Row,Fielder,Dallas Fuel,Kiriko
31955,King's Row,SP9RK1E,Dallas Fuel,Reaper
31983,King's Row,Fits,Seoul Dynasty,Sojourn
32015,King's Row,Fits,Seoul Dynasty,Widowmaker
32028,King's Row,Profit,Seoul Dynasty,Reaper
32059,King's Row,Vindaim,Seoul Dynasty,Lucio
32103,King's Row,ir1s,Seoul Dynasty,Kiriko
32137,King's Row,smurf,Seoul Dynasty,Winston
32182,Dorado,ChiYo,Dallas Fuel,Lucio
32224,Dorado,Edison,Dallas Fuel,Sojourn
32247,Dorado,Edison,Dallas Fuel,Widowmaker
32268,Dorado,FEARLESS,Dallas Fuel,Winston
32303,Dorado,Fielder,Dallas Fuel,Kiriko
32343,Dorado,SP9RK1E,Dallas Fuel,Reaper
32361,Dorado,SP9RK1E,Dallas Fuel,Tracer
32396,Dorado,Fits,Seoul Dynasty,Sojourn
32416,Dorado,Fits,Seoul Dynasty,Widowmaker
32442,Dorado,Profit,Seoul Dynasty,Reaper
32458,Dorado,Profit,Seoul Dynasty,Tracer
32499,Dorado,Vindaim,Seoul Dynasty,Lucio
32528,Dorado,ir1s,Seoul Dynasty,Kiriko
32563,Dorado,smurf,Seoul Dynasty,Winston
32609,Ilios,Creative,Houston Outlaws,Kiriko
32644,Ilios,Danteh,Houston Outlaws,Winston
32698,Ilios,Lastro,Houston Outlaws,Lucio
32735,Ilios,MER1T,Houston Outlaws,Sojourn
32769,Ilios,PELICAN,Houston Outlaws,Reaper
32800,Ilios,Admiral,London Spitfire,Lucio
32835,Ilios,Backbone,London Spitfire,Reaper
32855,Ilios,Backbone,London Spitfire,Widowmaker
32875,Ilios,Hadi,London Spitfire,Winston
32923,Ilios,Landon,London Spitfire,Kiriko
32953,Ilios,SparkR,London Spitfire,Sojourn
32986,Eichenwalde,Creative,Houston Outlaws,Kiriko
33030,Eichenwalde,Danteh,Houston Outlaws,Winston
33076,Eichenwalde,Lastro,Houston Outlaws,Lucio
33118,Eichenwalde,MER1T,Houston Outlaws,Sojourn
33164,Eichenwalde,PELICAN,Houston Outlaws,Reaper
33199,Eichenwalde,Admiral,London Spitfire,Lucio
33238,Eichenwalde,Backbone,London Spitfire,Reaper
33261,Eichenwalde,Backbone,London Spitfire,Widowmaker
33280,Eichenwalde,Hadi,London Spitfire,Winston
33320,Eichenwalde,Landon,London Spitfire,Kiriko
33345,Eichenwalde,SparkR,London Spitfire,Sojourn
33384,Circuit royal,Creative,Houston Outlaws,Kiriko
33414,Circuit royal,Danteh,Houston Outlaws,Winston
33459,Circuit royal,Lastro,Houston Outlaws,Lucio
33500,Circuit royal,MER1T,Houston Outlaws,Sojourn
33521,Circuit royal,MER1T,Houston Outlaws,Symmetra
33540,Circuit royal,PELICAN,Houston Outlaws,Reaper
33567,Circuit royal,Admiral,London Spitfire,Lucio
33612,Circuit royal,Backbone,London Spitfire,Reaper
33640,Circuit royal,Hadi,London Spitfire,Winston
33684,Circuit royal,Landon,London Spitfire,Kiriko
33712,Circuit royal,SparkR,London Spitfire,Sojourn
33748,Lijiang Tower,FiNN,San Francisco Shock,Kiriko
33784,Lijiang Tower,Proper,San Francisco Shock,Sojourn
33820,Lijiang Tower,STRIKER,San Francisco Shock,Reaper
33852,Lijiang Tower,Viol2t,San Francisco Shock,Lucio
33891,Lijiang Tower,mikeyy,San Francisco Shock,Winston
33925,Lijiang Tower,Fits,Seoul Dynasty,Sojourn
33962,Lijiang Tower,Profit,Seoul Dynasty,Kiriko
33994,Lijiang Tower,Stalk3r,Seoul Dynasty,Reaper
34010,Lijiang Tower,Stalk3r,Seoul Dynasty,Symmetra
34019,Lijiang Tower,Stalk3r,Seoul Dynasty,Tracer
34050,Lijiang Tower,Vindaim,Seoul Dynasty,Lucio
34098,Lijiang Tower,smurf,Seoul Dynasty,Winston
34147,Paraíso,Coluge,San Francisco Shock,Winston
34186,Paraíso,FiNN,San Francisco Shock,Kiriko
34222,Paraíso,Proper,San Francisco Shock,Sojourn
34252,Paraíso,STRIKER,San Francisco Shock,Reaper
34285,Paraíso,Viol2t,San Francisco Shock,Lucio
34323,Paraíso,Fits,Seoul Dynasty,Sojourn
34366,Paraíso,Profit,Seoul Dynasty,Kiriko
34396,Paraíso,Stalk3r,Seoul Dynasty,Reaper
34417,Paraíso,Stalk3r,Seoul Dynasty,Tracer
34455,Paraíso,Vindaim,Seoul Dynasty,Lucio
34491,Paraíso,smurf,Seoul Dynasty,Winston
34534,Dorado,Coluge,San Francisco Shock,Doomfist
34545,Dorado,Coluge,San Francisco Shock,Winston
34585,Dorado,FiNN,San Francisco Shock,Kiriko
34614,Dorado,Proper,San Francisco Shock,Sojourn
34639,Dorado,Proper,San Francisco Shock,Widowmaker
34655,Dorado,STRIKER,San Francisco Shock,Reaper
34692,Dorado,Viol2t,San Francisco Shock,Ana
34697,Dorado,Viol2t,San Francisco Shock,Lucio
34742,Dorado,Fits,Seoul Dynasty,Sojourn
34773,Dorado,Profit,Seoul Dynasty,Reaper
34793,Dorado,Profit,Seoul Dynasty,Tracer
34826,Dorado,Vindaim,Seoul Dynasty,Lucio
34864,Dorado,ir1s,Seoul Dynasty,Kiriko
34897,Dorado,smurf,Seoul Dynasty,Winston
34931,Lijiang Tower,AlphaYi,Hangzhou Spark,Echo
34936,Lijiang Tower,AlphaYi,Hangzhou Spark,Genji
34961,Lijiang Tower,AlphaYi,Hangzhou Spark,Reaper
34986,Lijiang Tower,AlphaYi,Hangzhou Spark,Symmetra
35005,Lijiang Tower,Guxue,Hangzhou Spark,Winston
35045,Lijiang Tower,Superich,Hangzhou Spark,Lucio
35076,Lijiang Tower,Teru,Hangzhou Spark,Kiriko
35108,Lijiang Tower,shy,Hangzhou Spark,Sojourn
35141,Lijiang Tower,Admiral,London Spitfire,Ana
35147,Lijiang Tower,Admiral,London Spitfire,Lucio
35184,Lijiang Tower,Backbone,London Spitfire,Bastion
35206,Lijiang Tower,Backbone,London Spitfire,Reaper
35230,Lijiang Tower,Backbone,London Spitfire,Widowmaker
35248,Lijiang Tower,Hadi,London Spitfire,Reinhardt
35263,Lijiang Tower,Hadi,London Spitfire,Winston
35296,Lijiang Tower,Landon,London Spitfire,Kiriko
35328,Lijiang Tower,SparkR,London Spitfire,Sojourn
35350,Lijiang Tower,SparkR,London Spitfire,Symmetra
35364,King's Row,AlphaYi,Hangzhou Spark,Reaper
35402,King's Row,Guxue,Hangzhou Spark,Winston
35444,King's Row,Superich,Hangzhou Spark,Lucio
35488,King's Row,Teru,Hangzhou Spark,Kiriko
35517,King's Row,shy,Hangzhou Spark,Sojourn
35552,King's Row,Admiral,London Spitfire,Lucio
35590,King's Row,Backbone,London Spitfire,Reaper
35607,King's Row,Backbone,London Spitfire,Tracer
35615,King's Row,Backbone,London Spitfire,Widowmaker
35632,King's Row,Hadi,London Spitfire,Winston
35671,King's Row,Landon,London Spitfire,Kiriko
35707,King's Row,SparkR,London Spitfire,Sojourn
35743,Route 66,AlphaYi,Hangzhou Spark,Reaper
35783,Route 66,Guxue,Hangzhou Spark,Winston
35822,Route 66,Superich,Hangzhou Spark,Lucio
35863,Route 66,Teru,Hangzhou Spark,Kiriko
35895,Route 66,shy,Hangzhou Spark,Sojourn
35933,Route 66,Admiral,London Spitfire,Ana
35937,Route 66,Admiral,London Spitfire,Lucio
35964,Route 66,Admiral,London Spitfire,Moira
35986,Route 66,Backbone,London Spitfire,Reaper
36005,Route 66,Backbone,London Spitfire,Widowmaker
36032,Route 66,Hadi,London Spitfire,Junker Queen
36035,Route 66,Hadi,London Spitfire,Roadhog
36039,Route 66,Hadi,London Spitfire,Winston
36072,Route 66,Landon,London Spitfire,Kiriko
36099,Route 66,SparkR,London Spitfire,Hanzo
36102,Route 66,SparkR,London Spitfire,Sojourn
36122,Route 66,SparkR,London Spitfire,Tracer
36144,Colosseo,AlphaYi,Hangzhou Spark,Reaper
36180,Colosseo,Guxue,Hangzhou Spark,Winston
36214,Colosseo,Superich,Hangzhou Spark,Lucio
36259,Colosseo,Teru,Hangzhou Spark,Kiriko
36288,Colosseo,shy,Hangzhou Spark,Sojourn
36326,Colosseo,Admiral,London Spitfire,Lucio
36367,Colosseo,Backbone,London Spitfire,Reaper
36401,Colosseo,Hadi,London Spitfire,Winston
36449,Colosseo,Landon,London Spitfire,Kiriko
36482,Colosseo,SparkR,London Spitfire,Sojourn
36516,Nepal,ChiYo,Dallas Fuel,Lucio
36547,Nepal,Edison,Dallas Fuel,Sojourn
36589,Nepal,FEARLESS,Dallas Fuel,Doomfist
36604,Nepal,FEARLESS,Dallas Fuel,Winston
36645,Nepal,Fielder,Dallas Fuel,Kiriko
36671,Nepal,SP9RK1E,Dallas Fuel,Reaper
36693,Nepal,SP9RK1E,Dallas Fuel,Symmetra
36714,Nepal,Creative,Houston Outlaws,Kiriko
36744,Nepal,Danteh,Houston Outlaws,Winston
36780,Nepal,Lastro,Houston Outlaws,Lucio
36818,Nepal,MER1T,Houston Outlaws,Sojourn
36854,Nepal,PELICAN,Houston Outlaws,Reaper
36871,Nepal,PELICAN,Houston Outlaws,Symmetra
36892,King's Row,ChiYo,Dallas Fuel,Lucio
36927,King's Row,Edison,Dallas Fuel,Sojourn
36968,King's Row,FEARLESS,Dallas Fuel,Winston
37005,King's Row,Fielder,Dallas Fuel,Kiriko
37040,King's Row,SP9RK1E,Dallas Fuel,Reaper
37071,King's Row,Creative,Houston Outlaws,Kiriko
37105,King's Row,Danteh,Houston Outlaws,Winston
37149,King's Row,Lastro,Houston Outlaws,Lucio
37189,King's Row,MER1T,Houston Outlaws,Sojourn
37221,King's Row,PELICAN,Houston Outlaws,Reaper
37259,Route 66,ChiYo,Dallas Fuel,Lucio
37296,Route 66,Edison,Dallas Fuel,Sojourn
37332,Route 66,FEARLESS,Dallas Fuel,Winston
37373,Route 66,Fielder,Dallas Fuel,Ana
37380,Route 66,Fielder,Dallas Fuel,Kiriko
37409,Route 66,SP9RK1E,Dallas Fuel,Reaper
37442,Route 66,Creative,Houston Outlaws,Kiriko
37471,Route 66,Danteh,Houston Outlaws,Winston
37509,Route 66,Lastro,Houston Outlaws,Lucio
37548,Route 66,MER1T,Houston Outlaws,Sojourn
37585,Route 66,PELICAN,Houston Outlaws,Reaper
37617,Colosseo,ChiYo,Dallas Fuel,Lucio
37664,Colosseo,Edison,Dallas Fuel,Sojourn
37710,Colosseo,FEARLESS,Dallas Fuel,Winston
37754,Colosseo,Fielder,Dallas Fuel,Kiriko
37780,Colosseo,SP9RK1E,Dallas Fuel,Reaper
37814,Colosseo,Creative,Houston Outlaws,Kiriko
37842,Colosseo,Danteh,Houston Outlaws,Winston
37884,Colosseo,Lastro,Houston Outlaws,Lucio
37922,Colosseo,MER1T,Houston Outlaws,Sojourn
37961,Colosseo,PELICAN,Houston Outlaws,Reaper
37989,Oasis,AlphaYi,Hangzhou Spark,Reaper
37998,Oasis,AlphaYi,Hangzhou Spark,Symmetra
38013,Oasis,Guxue,Hangzhou Spark,Winston
38047,Oasis,Superich,Hangzhou Spark,Lucio
38082,Oasis,Teru,Hangzhou Spark,Kiriko
38119,Oasis,shy,Hangzhou Spark,Sojourn
38148,Oasis,FiNN,San Francisco Shock,Kiriko
38181,Oasis,Proper,San Francisco Shock,Sojourn
38214,Oasis,STRIKER,San Francisco Shock,Reaper
38236,Oasis,STRIKER,San Francisco Shock,Tracer
38260,Oasis,Viol2t,San Francisco Shock,Lucio
38303,Oasis,mikeyy,San Francisco Shock,Winston
38346,King's Row,AlphaYi,Hangzhou Spark,Reaper
38384,King's Row,Guxue,Hangzhou Spark,Winston
38424,King's Row,Superich,Hangzhou Spark,Lucio
38464,King's Row,Teru,Hangzhou Spark,Kiriko
38503,King's Row,shy,Hangzhou Spark,Sojourn
38539,King's Row,Coluge,San Francisco Shock,Winston
38576,King's Row,FiNN,San Francisco Shock,Kiriko
38608,King's Row,Proper,San Francisco Shock,Sojourn
38645,King's Row,STRIKER,San Francisco Shock,Reaper
38666,King's Row,STRIKER,San Francisco Shock,Widowmaker
38680,King's Row,Viol2t,San Francisco Shock,Lucio
38722,Circuit royal,BERNAR,Hangzhou Spark,Sigma
38752,Circuit royal,Pineapple,Hangzhou Spark,Widowmaker
38787,Circuit royal,Teru,Hangzhou Spark,Baptiste
38835,Circuit royal,irony,Hangzhou Spark,Zenyatta
38866,Circuit royal,shy,Hangzhou Spark,Sojourn
38901,Circuit royal,Coluge,San Francisco Shock,Sigma
38935,Circuit royal,FiNN,San Francisco Shock,Zenyatta
38966,Circuit royal,Kilo,San Francisco Shock,Sojourn
39000,Circuit royal,Proper,San Francisco Shock,Widowmaker
39038,Circuit royal,Viol2t,San Francisco Shock,Baptiste
39077,Colosseo,AlphaYi,Hangzhou Spark,Reaper
39114,Colosseo,Guxue,Hangzhou Spark,Winston
39160,Colosseo,Superich,Hangzhou Spark,Lucio
39199,Colosseo,Teru,Hangzhou Spark,Kiriko
39230,Colosseo,shy,Hangzhou Spark,Sojourn
39261,Colosseo,Coluge,San Francisco Shock,Winston
39291,Colosseo,FiNN,San Francisco Shock,Kiriko
39328,Colosseo,Proper,San Francisco Shock,Sojourn
39369,Colosseo,STRIKER,San Francisco Shock,Reaper
39405,Colosseo,Viol2t,San Francisco Shock,Lucio
39445,Nepal,Creative,Houston Outlaws,Kiriko
39467,Nepal,Danteh,Houston Outlaws,Winston
39510,Nepal,Lastro,Houston Outlaws,Lucio
39547,Nepal,MER1T,Houston Outlaws,Sojourn
39582,Nepal,PELICAN,Houston Outlaws,Reaper
39604,Nepal,PELICAN,Houston Outlaws,Symmetra
39623,Nepal,FiNN,San Francisco Shock,Kiriko
39652,Nepal,Proper,San Francisco Shock,Sojourn
39677,Nepal,STRIKER,San Francisco Shock,Reaper
39694,Nepal,STRIKER,San Francisco Shock,Symmetra
39709,Nepal,Viol2t,San Francisco Shock,Lucio
39747,Nepal,mikeyy,San Francisco Shock,Winston
39788,King's Row,Creative,Houston Outlaws,Kiriko
39813,King's Row,Danteh,Houston Outlaws,Winston
39860,King's Row,Lastro,Houston Outlaws,Lucio
39901,King's Row,MER1T,Houston Outlaws,Sojourn
39930,King's Row,PELICAN,Houston Outlaws,Reaper
39965,King's Row,FiNN,San Francisco Shock,Kiriko
39998,King's Row,Proper,San Francisco Shock,Sojourn
40032,King's Row,STRIKER,San Francisco Shock,Reaper
40055,King's Row,STRIKER,San Francisco Shock,Widowmaker
40073,King's Row,Viol2t,San Francisco Shock,Lucio
40120,King's Row,mikeyy,San Francisco Shock,Winston
40165,Route 66,Creative,Houston Outlaws,Kiriko
40196,Route 66,Danteh,Houston Outlaws,Winston
40232,Route 66,Lastro,Houston Outlaws,Lucio
40269,Route 66,MER1T,Houston Outlaws,Sojourn
40298,Route 66,PELICAN,Houston Outlaws,Reaper
40334,Route 66,Coluge,San Francisco Shock,Doomfist
40342,Route 66,Coluge,San Francisco Shock,Winston
40381,Route 66,FiNN,San Francisco Shock,Baptiste
40395,Route 66,FiNN,San Francisco Shock,Kiriko
40421,Route 66,Proper,San Francisco Shock,Sojourn
40445,Route 66,Proper,San Francisco Shock,Symmetra
40466,Route 66,STRIKER,San Francisco Shock,Reaper
40498,Route 66,Viol2t,San Francisco Shock,Lucio
40540,Lijiang Tower,ChiYo,Dallas Fuel,Lucio
40582,Lijiang Tower,Edison,Dallas Fuel,Sojourn
40614,Lijiang Tower,FEARLESS,Dallas Fuel,Winston
40654,Lijiang Tower,Fielder,Dallas Fuel,Kiriko
40685,Lijiang Tower,SP9RK1E,Dallas Fuel,Reaper
40703,Lijiang Tower,SP9RK1E,Dallas Fuel,Symmetra
40722,Lijiang Tower,FiNN,San Francisco Shock,Kiriko
40749,Lijiang Tower,Proper,San Francisco Shock,Sojourn
40779,Lijiang Tower,STRIKER,San Francisco Shock,Reaper
40805,Lijiang Tower,Viol2t,San Francisco Shock,Lucio
40851,Lijiang Tower,mikeyy,San Francisco Shock,Winston
40892,King's Row,ChiYo,Dallas Fuel,Lucio
40929,King's Row,Edison,Dallas Fuel,Sojourn
40951,King's Row,Edison,Dallas Fuel,Widowmaker
40964,King's Row,FEARLESS,Dallas Fuel,Winston
41007,King's Row,Fielder,Dallas Fuel,Kiriko
41041,King's Row,SP9RK1E,Dallas Fuel,Reaper
41076,King's Row,FiNN,San Francisco Shock,Kiriko
41107,King's Row,Proper,San Francisco Shock,Sojourn
41145,King's Row,STRIKER,San Francisco Shock,Reaper
41180,King's Row,Viol2t,San Francisco Shock,Lucio
41224,King's Row,mikeyy,San Francisco Shock,Winston
41267,Dorado,ChiYo,Dallas Fuel,Lucio
41302,Dorado,Edison,Dallas Fuel,Sojourn
41339,Dorado,FEARLESS,Dallas Fuel,Winston
41377,Dorado,Fielder,Dallas Fuel,Kiriko
41410,Dorado,SP9RK1E,Dallas Fuel,Reaper
41431,Dorado,SP9RK1E,Dallas Fuel,Tracer
41455,Dorado,FiNN,San Francisco Shock,Kiriko
41487,Dorado,Proper,San Francisco Shock,Sojourn
41508,Dorado,Proper,San Francisco Shock,Tracer
41535,Dorado,STRIKER,San Francisco Shock,Reaper
41572,Dorado,Viol2t,San Francisco Shock,Lucio
41612,Dorado,mikeyy,San Francisco Shock,Winston
41658,Esperança,ChiYo,Dallas Fuel,Lucio
41710,Esperança,Edison,Dallas Fuel,Sojourn
41752,Esperança,FEARLESS,Dallas Fuel,Winston
41801,Esperança,Fielder,Dallas Fuel,Kiriko
41832,Esperança,SP9RK1E,Dallas Fuel,Reaper
41881,Esperança,FiNN,San Francisco Shock,Kiriko
41906,Esperança,Proper,San Francisco Shock,Sojourn
41938,Esperança,STRIKER,San Francisco Shock,Reaper
41963,Esperança,Viol2t,San Francisco Shock,Lucio
42005,Esperança,mikeyy,San Francisco Shock,Winston
42041,Oasis,ChiYo,Dallas Fuel,Lucio
42082,Oasis,Edison,Dallas Fuel,Sojourn
42121,Oasis,FEARLESS,Dallas Fuel,Doomfist
42124,Oasis,FEARLESS,Dallas Fuel,Winston
42156,Oasis,Fielder,Dallas Fuel,Kiriko
42194,Oasis,SP9RK1E,Dallas Fuel,Reaper
42231,Oasis,FiNN,San Francisco Shock,Kiriko
42264,Oasis,Proper,San Francisco Shock,Sojourn
42301,Oasis,STRIKER,San Francisco Shock,Reaper
42337,Oasis,Viol2t,San Francisco Shock,Lucio
42381,Oasis,mikeyy,San Francisco Shock,Winston
42424,Route 66,ChiYo,Dallas Fuel,Lucio
42464,Route 66,Edison,Dallas Fuel,Sojourn
42503,Route 66,FEARLESS,Dallas Fuel,Winston
42538,Route 66,Fielder,Dallas Fuel,Kiriko
42566,Route 66,SP9RK1E,Dallas Fuel,Reaper
42599,Route 66,FiNN,San Francisco Shock,Kiriko
42631,Route 66,Proper,San Francisco Shock,Sojourn
42668,Route 66,STRIKER,San Francisco Shock,Hanzo
42673,Route 66,STRIKER,San Francisco Shock,Reaper
42703,Route 66,Viol2t,San Francisco Shock,Lucio
42738,Route 66,mikeyy,San Francisco Shock,Winston
42776,Colosseo,ChiYo,Dallas Fuel,Lucio
42813,Colosseo,Edison,Dallas Fuel,Sojourn
42849,Colosseo,FEARLESS,Dallas Fuel,Winston
42892,Colosseo,Fielder,Dallas Fuel,Kiriko
42919,Colosseo,SP9RK1E,Dallas Fuel,Reaper
42953,Colosseo,FiNN,San Francisco Shock,Kiriko
42978,Colosseo,Proper,San Francisco Shock,Sojourn
43006,Colosseo,STRIKER,San Francisco Shock,Reaper
43038,Colosseo,Viol2t,San Francisco Shock,Lucio
43080,Colosseo,mikeyy,San Francisco Shock,Winston
